{
  "n_analyses": 30,
  "individual_ages": {
    "206Pb/238U": {
      "ages": [
        788.0423270025638,
        774.9368775532205,
        242.200010684544,
        806.823123678198,
        812.3552114969127,
        247.96532119400177,
        254.32662096428385,
        247.66135931696215,
        249.03217597606607,
        824.0689219006199,
        795.5452584198969,
        242.05099997987676,
        1843.1879379629595,
        791.0023527829267,
        244.42234489903464,
        823.9781557789856,
        1787.6044276015996,
        1802.8869231864023,
        247.0533925621937,
        781.9012157389028,
        829.3991897114256,
        239.85269190049803,
        794.2573819858419,
        252.46724109459845,
        1839.5544275203717,
        787.1466371145203,
        808.2392898940745,
        245.73179765651236,
        235.2176432640319,
        248.69104975352252
      ],
      "2sigma": [
        22.248075769809574,
        21.904647138913827,
        7.127596328048012,
        22.75215712348482,
        22.903135194192846,
        7.2949130624199725,
        7.486023269598421,
        7.282850141169504,
        7.3309186696153015,
        23.201926499638155,
        22.45011643423117,
        7.1277610863767125,
        48.09412290108748,
        22.329094632831335,
        7.19961839788127,
        23.202253187258492,
        46.830073811989536,
        47.17731217568076,
        7.27112895540458,
        22.08655797299815,
        23.352794354278316,
        7.068082469007413,
        22.42040718227799,
        7.426194553507574,
        48.01462569694671,
        22.228345508884388,
        22.79265373406632,
        7.23538793801027,
        6.923995864553347,
        7.318901693483139
      ]
    },
    "207Pb/235U": {
      "ages": [
        806.5245266800624,
        805.1576212721689,
        248.1238561841267,
        783.6588742705679,
        818.1359811966673,
        243.9753218183958,
        256.3380777439723,
        244.43755139814326,
        254.006740392091,
        771.1138961450322,
        790.9447803426666,
        250.89787142007745,
        1788.2272867781805,
        808.6142555778022,
        249.23977364733807,
        801.3991459599326,
        1774.9562335592946,
        1794.7976368951702,
        252.21986834318483,
        792.1173427523099,
        802.9769600271404,
        231.9596601146013,
        820.1259155515811,
        250.82966422574745,
        1816.2993099578919,
        816.2812131685399,
        823.3772703840227,
        248.93389265984288,
        242.90316130003754,
        242.36985528155577
      ],
      "2sigma": [
        22.261392365782203,
        22.237163947734288,
        8.805007139401905,
        21.843875008500962,
        22.470065811734226,
        8.674966019753258,
        9.062222419235983,
        8.690173256410821,
        8.98975596683324,
        21.609889482905565,
        21.977510122259353,
        8.892016025203178,
        33.635651385897404,
        22.29896234007136,
        8.839820731616248,
        22.16836486870804,
        33.54389907114761,
        33.680489392416334,
        8.932721625240085,
        21.999616325713934,
        22.197486394075508,
        8.295041499178156,
        22.505754810128998,
        8.889440822065849,
        33.82582409164022,
        22.43661748100733,
        22.563777016503803,
        8.83135948072593,
        8.640966041420159,
        8.62471169650304
      ]
    },
    "207Pb/206Pb": {
      "ages": [
        865.0145112760978,
        881.696384129634,
        327.8546859036979,
        711.703750024359,
        823.8791537623813,
        177.7953960623287,
        273.1390243423397,
        198.61513527900686,
        299.3770063053122,
        638.2816965031423,
        779.9262254439202,
        342.5232624876497,
        1709.7720101560128,
        864.2506070485236,
        297.0211178155246,
        732.1834220510046,
        1765.5085508883615,
        1781.1295291553492,
        292.6930702233686,
        829.3892212123981,
        735.8031905675297,
        152.13173361242764,
        886.9766888780949,
        208.3268825078603,
        1804.076398089859,
        867.3344901252126,
        843.792549259374,
        267.6356079264131,
        293.5246025644741,
        217.29340249276333
      ],
      "2sigma": [
        865.0145112760978,
        881.696384129634,
        327.8546859036979,
        711.703750024359,
        823.8791537623813,
        177.7953960623287,
        273.1390243423397,
        198.61513527900686,
        299.3770063053122,
        638.2816965031423,
        779.9262254439202,
        342.5232624876497,
        1709.7720101560128,
        864.2506070485236,
        297.0211178155246,
        732.1834220510046,
        1765.5085508883615,
        1781.1295291553492,
        292.6930702233686,
        829.3892212123981,
        735.8031905675297,
        152.13173361242764,
        886.9766888780949,
        208.3268825078603,
        1804.076398089859,
        867.3344901252126,
        843.792549259374,
        267.6356079264131,
        293.5246025644741,
        217.29340249276333
      ]
    }
  },
  "concordance": [
    97.7084144293072,
    96.24660527075446,
    97.61254496416227,
    102.95590979291742,
    99.29342189652883,
    101.63541105135869,
    99.2153109684713,
    101.31886770276466,
    98.04156204345362,
    106.86734164956972,
    100.58164339553986,
    96.47391530660362,
    103.07347122992405,
    97.82196484004714,
    98.06715088936012,
    102.81744869992436,
    100.71259188272725,
    100.45070742934708,
    97.95159841493481,
    98.71027605860642,
    103.29053397539478,
    103.40276054120665,
    96.84578513186707,
    100.65286411553667,
    101.28035712148231,
    96.43081629418757,
    98.16147700034422,
    98.7136765632368,
    96.83597447029008,
    102.60807783402915
  ],
  "concordia_age": {
    "age": 298.7975707966523,
    "2sigma": 159.4545703963245,
    "mswd": 674.8341720020643,
    "probability": 0.0,
    "n_used": 30,
    "method": "TuffZirc"
  },
  "weighted_mean_age": {
    "age": 304.658634279341,
    "2sigma": 1.9060324935115862,
    "mswd": 1453.8984598325765,
    "probability": 0.0,
    "n_used": "29",
    "n_rejected": "1"
  },
  "peak_detection": {
    "method": "iterative_gaussian_fit",
    "n_peaks": 2,
    "peaks": [
      {
        "center": 534.0691169054116,
        "sigma": 445.61541757517347,
        "n_points": "26",
        "mean_age": 523.6295612424698
      },
      {
        "center": 1816.5755700817988,
        "sigma": 170.89551784923253,
        "n_points": "4",
        "mean_age": 1818.3084290678335
      }
    ]
  },
  "monte_carlo": {
    "n_simulations": 2000,
    "summary": {
      "206Pb/238U": {
        "mean": 696.2039208443751,
        "median": 780.2628769869477,
        "std": 510.79965913490855,
        "ci_95": [
          235.62301941995275,
          1849.9361417679797
        ]
      },
      "207Pb/235U": {
        "mean": 694.2563024805321,
        "median": 783.2343252741509,
        "std": 502.99023934480965,
        "ci_95": [
          233.86702051004383,
          1814.226396289425
        ]
      },
      "concordia": {
        "mean": 839.947577221884,
        "median": 839.8659768907776,
        "std": 3.176253247911102,
        "ci_95": [
          833.664164581291,
          846.1688639474099
        ]
      },
      "weighted_mean": {
        "mean": 696.2039208443749,
        "median": 696.1769805486721,
        "std": 2.1809932169054087,
        "ci_95": [
          692.0495829567145,
          700.4137206513711
        ]
      }
    }
  },
  "monte_carlo_plots": [
    "final_output\\monte_carlo/mc_206Pb_238U.png",
    "final_output\\monte_carlo/mc_207Pb_235U.png",
    "final_output\\monte_carlo/mc_concordia.png",
    "final_output\\monte_carlo/mc_weighted_mean.png"
  ],
  "plots": {
    "wetherill": "final_output\\wetherill_concordia.pdf",